INSERT INTO venues ("name", "location", "location_coords")
VALUES 
    ('Qudos Bank Arena', 'Qudos Bank Arena', '-33.870380,151.190079'),
    ('Rod Laver Arena', 'Rod Laver Arena', '-36.183338,146.939926');

INSERT INTO venue_sections ("section_id", "venue_id", "section_name", "total_seats")
VALUES 
    (1, 1, 'GA', 50),
    (2, 1, '1', 50),
    (3, 1, '2', 50),
    (4, 1, '3', 50),
    (5, 1, '4', 50),
    (6, 1, '5', 50),
    (7, 1, '6', 50),
    (8, 1, '7', 50),
    (9, 1, '8', 50),
    (10, 1, '9', 50),
    (11, 1, '10', 50),
    (12, 1, '11', 50),
    (13, 1, '12', 50),
    (14, 1, '13', 50),
    (15, 1, '14', 50),
    (16, 1, '15', 50),
    (17, 2, 'GA', 60),
    (18, 2, '1', 60),
    (19, 2, '2', 60),
    (20, 2, '3', 60),
    (21, 2, '4', 60),
    (22, 2, '5', 60),
    (23, 2, '6', 60),
    (24, 2, '7', 60),
    (25, 2, '8', 60),
    (26, 2, '9', 60),
    (27, 2, '10', 60),
    (28, 2, '11', 60),
    (29, 2, '12', 60),
    (30, 2, '13', 60),
    (31, 2, '14', 60),
    (32, 2, '15', 60);

INSERT INTO venue_seats ("seat_id", "seat_name", "seat_number", "section_id")
VALUES 
(1,'GA-0',0,1),
(2,'GA-1',1,1),
(3,'GA-2',2,1),
(4,'GA-3',3,1),
(5,'GA-4',4,1),
(6,'GA-5',5,1),
(7,'GA-6',6,1),
(8,'GA-7',7,1),
(9,'GA-8',8,1),
(10,'GA-9',9,1),
(11,'GA-10',10,1),
(12,'GA-11',11,1),
(13,'GA-12',12,1),
(14,'GA-13',13,1),
(15,'GA-14',14,1),
(16,'GA-15',15,1),
(17,'GA-16',16,1),
(18,'GA-17',17,1),
(19,'GA-18',18,1),
(20,'GA-19',19,1),
(21,'GA-20',20,1),
(22,'GA-21',21,1),
(23,'GA-22',22,1),
(24,'GA-23',23,1),
(25,'GA-24',24,1),
(26,'GA-25',25,1),
(27,'GA-26',26,1),
(28,'GA-27',27,1),
(29,'GA-28',28,1),
(30,'GA-29',29,1),
(31,'GA-30',30,1),
(32,'GA-31',31,1),
(33,'GA-32',32,1),
(34,'GA-33',33,1),
(35,'GA-34',34,1),
(36,'GA-35',35,1),
(37,'GA-36',36,1),
(38,'GA-37',37,1),
(39,'GA-38',38,1),
(40,'GA-39',39,1),
(41,'GA-40',40,1),
(42,'GA-41',41,1),
(43,'GA-42',42,1),
(44,'GA-43',43,1),
(45,'GA-44',44,1),
(46,'GA-45',45,1),
(47,'GA-46',46,1),
(48,'GA-47',47,1),
(49,'GA-48',48,1),
(50,'GA-49',49,1),
(51,'1-0',0,2),
(52,'1-1',1,2),
(53,'1-2',2,2),
(54,'1-3',3,2),
(55,'1-4',4,2),
(56,'1-5',5,2),
(57,'1-6',6,2),
(58,'1-7',7,2),
(59,'1-8',8,2),
(60,'1-9',9,2),
(61,'1-10',10,2),
(62,'1-11',11,2),
(63,'1-12',12,2),
(64,'1-13',13,2),
(65,'1-14',14,2),
(66,'1-15',15,2),
(67,'1-16',16,2),
(68,'1-17',17,2),
(69,'1-18',18,2),
(70,'1-19',19,2),
(71,'1-20',20,2),
(72,'1-21',21,2),
(73,'1-22',22,2),
(74,'1-23',23,2),
(75,'1-24',24,2),
(76,'1-25',25,2),
(77,'1-26',26,2),
(78,'1-27',27,2),
(79,'1-28',28,2),
(80,'1-29',29,2),
(81,'1-30',30,2),
(82,'1-31',31,2),
(83,'1-32',32,2),
(84,'1-33',33,2),
(85,'1-34',34,2),
(86,'1-35',35,2),
(87,'1-36',36,2),
(88,'1-37',37,2),
(89,'1-38',38,2),
(90,'1-39',39,2),
(91,'1-40',40,2),
(92,'1-41',41,2),
(93,'1-42',42,2),
(94,'1-43',43,2),
(95,'1-44',44,2),
(96,'1-45',45,2),
(97,'1-46',46,2),
(98,'1-47',47,2),
(99,'1-48',48,2),
(100,'1-49',49,2),
(101,'2-0',0,3),
(102,'2-1',1,3),
(103,'2-2',2,3),
(104,'2-3',3,3),
(105,'2-4',4,3),
(106,'2-5',5,3),
(107,'2-6',6,3),
(108,'2-7',7,3),
(109,'2-8',8,3),
(110,'2-9',9,3),
(111,'2-10',10,3),
(112,'2-11',11,3),
(113,'2-12',12,3),
(114,'2-13',13,3),
(115,'2-14',14,3),
(116,'2-15',15,3),
(117,'2-16',16,3),
(118,'2-17',17,3),
(119,'2-18',18,3),
(120,'2-19',19,3),
(121,'2-20',20,3),
(122,'2-21',21,3),
(123,'2-22',22,3),
(124,'2-23',23,3),
(125,'2-24',24,3),
(126,'2-25',25,3),
(127,'2-26',26,3),
(128,'2-27',27,3),
(129,'2-28',28,3),
(130,'2-29',29,3),
(131,'2-30',30,3),
(132,'2-31',31,3),
(133,'2-32',32,3),
(134,'2-33',33,3),
(135,'2-34',34,3),
(136,'2-35',35,3),
(137,'2-36',36,3),
(138,'2-37',37,3),
(139,'2-38',38,3),
(140,'2-39',39,3),
(141,'2-40',40,3),
(142,'2-41',41,3),
(143,'2-42',42,3),
(144,'2-43',43,3),
(145,'2-44',44,3),
(146,'2-45',45,3),
(147,'2-46',46,3),
(148,'2-47',47,3),
(149,'2-48',48,3),
(150,'2-49',49,3),
(151,'3-0',0,4),
(152,'3-1',1,4),
(153,'3-2',2,4),
(154,'3-3',3,4),
(155,'3-4',4,4),
(156,'3-5',5,4),
(157,'3-6',6,4),
(158,'3-7',7,4),
(159,'3-8',8,4),
(160,'3-9',9,4),
(161,'3-10',10,4),
(162,'3-11',11,4),
(163,'3-12',12,4),
(164,'3-13',13,4),
(165,'3-14',14,4),
(166,'3-15',15,4),
(167,'3-16',16,4),
(168,'3-17',17,4),
(169,'3-18',18,4),
(170,'3-19',19,4),
(171,'3-20',20,4),
(172,'3-21',21,4),
(173,'3-22',22,4),
(174,'3-23',23,4),
(175,'3-24',24,4),
(176,'3-25',25,4),
(177,'3-26',26,4),
(178,'3-27',27,4),
(179,'3-28',28,4),
(180,'3-29',29,4),
(181,'3-30',30,4),
(182,'3-31',31,4),
(183,'3-32',32,4),
(184,'3-33',33,4),
(185,'3-34',34,4),
(186,'3-35',35,4),
(187,'3-36',36,4),
(188,'3-37',37,4),
(189,'3-38',38,4),
(190,'3-39',39,4),
(191,'3-40',40,4),
(192,'3-41',41,4),
(193,'3-42',42,4),
(194,'3-43',43,4),
(195,'3-44',44,4),
(196,'3-45',45,4),
(197,'3-46',46,4),
(198,'3-47',47,4),
(199,'3-48',48,4),
(200,'3-49',49,4),
(201,'4-0',0,5),
(202,'4-1',1,5),
(203,'4-2',2,5),
(204,'4-3',3,5),
(205,'4-4',4,5),
(206,'4-5',5,5),
(207,'4-6',6,5),
(208,'4-7',7,5),
(209,'4-8',8,5),
(210,'4-9',9,5),
(211,'4-10',10,5),
(212,'4-11',11,5),
(213,'4-12',12,5),
(214,'4-13',13,5),
(215,'4-14',14,5),
(216,'4-15',15,5),
(217,'4-16',16,5),
(218,'4-17',17,5),
(219,'4-18',18,5),
(220,'4-19',19,5),
(221,'4-20',20,5),
(222,'4-21',21,5),
(223,'4-22',22,5),
(224,'4-23',23,5),
(225,'4-24',24,5),
(226,'4-25',25,5),
(227,'4-26',26,5),
(228,'4-27',27,5),
(229,'4-28',28,5),
(230,'4-29',29,5),
(231,'4-30',30,5),
(232,'4-31',31,5),
(233,'4-32',32,5),
(234,'4-33',33,5),
(235,'4-34',34,5),
(236,'4-35',35,5),
(237,'4-36',36,5),
(238,'4-37',37,5),
(239,'4-38',38,5),
(240,'4-39',39,5),
(241,'4-40',40,5),
(242,'4-41',41,5),
(243,'4-42',42,5),
(244,'4-43',43,5),
(245,'4-44',44,5),
(246,'4-45',45,5),
(247,'4-46',46,5),
(248,'4-47',47,5),
(249,'4-48',48,5),
(250,'4-49',49,5),
(251,'5-0',0,6),
(252,'5-1',1,6),
(253,'5-2',2,6),
(254,'5-3',3,6),
(255,'5-4',4,6),
(256,'5-5',5,6),
(257,'5-6',6,6),
(258,'5-7',7,6),
(259,'5-8',8,6),
(260,'5-9',9,6),
(261,'5-10',10,6),
(262,'5-11',11,6),
(263,'5-12',12,6),
(264,'5-13',13,6),
(265,'5-14',14,6),
(266,'5-15',15,6),
(267,'5-16',16,6),
(268,'5-17',17,6),
(269,'5-18',18,6),
(270,'5-19',19,6),
(271,'5-20',20,6),
(272,'5-21',21,6),
(273,'5-22',22,6),
(274,'5-23',23,6),
(275,'5-24',24,6),
(276,'5-25',25,6),
(277,'5-26',26,6),
(278,'5-27',27,6),
(279,'5-28',28,6),
(280,'5-29',29,6),
(281,'5-30',30,6),
(282,'5-31',31,6),
(283,'5-32',32,6),
(284,'5-33',33,6),
(285,'5-34',34,6),
(286,'5-35',35,6),
(287,'5-36',36,6),
(288,'5-37',37,6),
(289,'5-38',38,6),
(290,'5-39',39,6),
(291,'5-40',40,6),
(292,'5-41',41,6),
(293,'5-42',42,6),
(294,'5-43',43,6),
(295,'5-44',44,6),
(296,'5-45',45,6),
(297,'5-46',46,6),
(298,'5-47',47,6),
(299,'5-48',48,6),
(300,'5-49',49,6),
(301,'6-0',0,7),
(302,'6-1',1,7),
(303,'6-2',2,7),
(304,'6-3',3,7),
(305,'6-4',4,7),
(306,'6-5',5,7),
(307,'6-6',6,7),
(308,'6-7',7,7),
(309,'6-8',8,7),
(310,'6-9',9,7),
(311,'6-10',10,7),
(312,'6-11',11,7),
(313,'6-12',12,7),
(314,'6-13',13,7),
(315,'6-14',14,7),
(316,'6-15',15,7),
(317,'6-16',16,7),
(318,'6-17',17,7),
(319,'6-18',18,7),
(320,'6-19',19,7),
(321,'6-20',20,7),
(322,'6-21',21,7),
(323,'6-22',22,7),
(324,'6-23',23,7),
(325,'6-24',24,7),
(326,'6-25',25,7),
(327,'6-26',26,7),
(328,'6-27',27,7),
(329,'6-28',28,7),
(330,'6-29',29,7),
(331,'6-30',30,7),
(332,'6-31',31,7),
(333,'6-32',32,7),
(334,'6-33',33,7),
(335,'6-34',34,7),
(336,'6-35',35,7),
(337,'6-36',36,7),
(338,'6-37',37,7),
(339,'6-38',38,7),
(340,'6-39',39,7),
(341,'6-40',40,7),
(342,'6-41',41,7),
(343,'6-42',42,7),
(344,'6-43',43,7),
(345,'6-44',44,7),
(346,'6-45',45,7),
(347,'6-46',46,7),
(348,'6-47',47,7),
(349,'6-48',48,7),
(350,'6-49',49,7),
(351,'7-0',0,8),
(352,'7-1',1,8),
(353,'7-2',2,8),
(354,'7-3',3,8),
(355,'7-4',4,8),
(356,'7-5',5,8),
(357,'7-6',6,8),
(358,'7-7',7,8),
(359,'7-8',8,8),
(360,'7-9',9,8),
(361,'7-10',10,8),
(362,'7-11',11,8),
(363,'7-12',12,8),
(364,'7-13',13,8),
(365,'7-14',14,8),
(366,'7-15',15,8),
(367,'7-16',16,8),
(368,'7-17',17,8),
(369,'7-18',18,8),
(370,'7-19',19,8),
(371,'7-20',20,8),
(372,'7-21',21,8),
(373,'7-22',22,8),
(374,'7-23',23,8),
(375,'7-24',24,8),
(376,'7-25',25,8),
(377,'7-26',26,8),
(378,'7-27',27,8),
(379,'7-28',28,8),
(380,'7-29',29,8),
(381,'7-30',30,8),
(382,'7-31',31,8),
(383,'7-32',32,8),
(384,'7-33',33,8),
(385,'7-34',34,8),
(386,'7-35',35,8),
(387,'7-36',36,8),
(388,'7-37',37,8),
(389,'7-38',38,8),
(390,'7-39',39,8),
(391,'7-40',40,8),
(392,'7-41',41,8),
(393,'7-42',42,8),
(394,'7-43',43,8),
(395,'7-44',44,8),
(396,'7-45',45,8),
(397,'7-46',46,8),
(398,'7-47',47,8),
(399,'7-48',48,8),
(400,'7-49',49,8),
(401,'8-0',0,9),
(402,'8-1',1,9),
(403,'8-2',2,9),
(404,'8-3',3,9),
(405,'8-4',4,9),
(406,'8-5',5,9),
(407,'8-6',6,9),
(408,'8-7',7,9),
(409,'8-8',8,9),
(410,'8-9',9,9),
(411,'8-10',10,9),
(412,'8-11',11,9),
(413,'8-12',12,9),
(414,'8-13',13,9),
(415,'8-14',14,9),
(416,'8-15',15,9),
(417,'8-16',16,9),
(418,'8-17',17,9),
(419,'8-18',18,9),
(420,'8-19',19,9),
(421,'8-20',20,9),
(422,'8-21',21,9),
(423,'8-22',22,9),
(424,'8-23',23,9),
(425,'8-24',24,9),
(426,'8-25',25,9),
(427,'8-26',26,9),
(428,'8-27',27,9),
(429,'8-28',28,9),
(430,'8-29',29,9),
(431,'8-30',30,9),
(432,'8-31',31,9),
(433,'8-32',32,9),
(434,'8-33',33,9),
(435,'8-34',34,9),
(436,'8-35',35,9),
(437,'8-36',36,9),
(438,'8-37',37,9),
(439,'8-38',38,9),
(440,'8-39',39,9),
(441,'8-40',40,9),
(442,'8-41',41,9),
(443,'8-42',42,9),
(444,'8-43',43,9),
(445,'8-44',44,9),
(446,'8-45',45,9),
(447,'8-46',46,9),
(448,'8-47',47,9),
(449,'8-48',48,9),
(450,'8-49',49,9),
(451,'9-0',0,10),
(452,'9-1',1,10),
(453,'9-2',2,10),
(454,'9-3',3,10),
(455,'9-4',4,10),
(456,'9-5',5,10),
(457,'9-6',6,10),
(458,'9-7',7,10),
(459,'9-8',8,10),
(460,'9-9',9,10),
(461,'9-10',10,10),
(462,'9-11',11,10),
(463,'9-12',12,10),
(464,'9-13',13,10),
(465,'9-14',14,10),
(466,'9-15',15,10),
(467,'9-16',16,10),
(468,'9-17',17,10),
(469,'9-18',18,10),
(470,'9-19',19,10),
(471,'9-20',20,10),
(472,'9-21',21,10),
(473,'9-22',22,10),
(474,'9-23',23,10),
(475,'9-24',24,10),
(476,'9-25',25,10),
(477,'9-26',26,10),
(478,'9-27',27,10),
(479,'9-28',28,10),
(480,'9-29',29,10),
(481,'9-30',30,10),
(482,'9-31',31,10),
(483,'9-32',32,10),
(484,'9-33',33,10),
(485,'9-34',34,10),
(486,'9-35',35,10),
(487,'9-36',36,10),
(488,'9-37',37,10),
(489,'9-38',38,10),
(490,'9-39',39,10),
(491,'9-40',40,10),
(492,'9-41',41,10),
(493,'9-42',42,10),
(494,'9-43',43,10),
(495,'9-44',44,10),
(496,'9-45',45,10),
(497,'9-46',46,10),
(498,'9-47',47,10),
(499,'9-48',48,10),
(500,'9-49',49,10),
(501,'10-0',0,11),
(502,'10-1',1,11),
(503,'10-2',2,11),
(504,'10-3',3,11),
(505,'10-4',4,11),
(506,'10-5',5,11),
(507,'10-6',6,11),
(508,'10-7',7,11),
(509,'10-8',8,11),
(510,'10-9',9,11),
(511,'10-10',10,11),
(512,'10-11',11,11),
(513,'10-12',12,11),
(514,'10-13',13,11),
(515,'10-14',14,11),
(516,'10-15',15,11),
(517,'10-16',16,11),
(518,'10-17',17,11),
(519,'10-18',18,11),
(520,'10-19',19,11),
(521,'10-20',20,11),
(522,'10-21',21,11),
(523,'10-22',22,11),
(524,'10-23',23,11),
(525,'10-24',24,11),
(526,'10-25',25,11),
(527,'10-26',26,11),
(528,'10-27',27,11),
(529,'10-28',28,11),
(530,'10-29',29,11),
(531,'10-30',30,11),
(532,'10-31',31,11),
(533,'10-32',32,11),
(534,'10-33',33,11),
(535,'10-34',34,11),
(536,'10-35',35,11),
(537,'10-36',36,11),
(538,'10-37',37,11),
(539,'10-38',38,11),
(540,'10-39',39,11),
(541,'10-40',40,11),
(542,'10-41',41,11),
(543,'10-42',42,11),
(544,'10-43',43,11),
(545,'10-44',44,11),
(546,'10-45',45,11),
(547,'10-46',46,11),
(548,'10-47',47,11),
(549,'10-48',48,11),
(550,'10-49',49,11),
(551,'11-0',0,12),
(552,'11-1',1,12),
(553,'11-2',2,12),
(554,'11-3',3,12),
(555,'11-4',4,12),
(556,'11-5',5,12),
(557,'11-6',6,12),
(558,'11-7',7,12),
(559,'11-8',8,12),
(560,'11-9',9,12),
(561,'11-10',10,12),
(562,'11-11',11,12),
(563,'11-12',12,12),
(564,'11-13',13,12),
(565,'11-14',14,12),
(566,'11-15',15,12),
(567,'11-16',16,12),
(568,'11-17',17,12),
(569,'11-18',18,12),
(570,'11-19',19,12),
(571,'11-20',20,12),
(572,'11-21',21,12),
(573,'11-22',22,12),
(574,'11-23',23,12),
(575,'11-24',24,12),
(576,'11-25',25,12),
(577,'11-26',26,12),
(578,'11-27',27,12),
(579,'11-28',28,12),
(580,'11-29',29,12),
(581,'11-30',30,12),
(582,'11-31',31,12),
(583,'11-32',32,12),
(584,'11-33',33,12),
(585,'11-34',34,12),
(586,'11-35',35,12),
(587,'11-36',36,12),
(588,'11-37',37,12),
(589,'11-38',38,12),
(590,'11-39',39,12),
(591,'11-40',40,12),
(592,'11-41',41,12),
(593,'11-42',42,12),
(594,'11-43',43,12),
(595,'11-44',44,12),
(596,'11-45',45,12),
(597,'11-46',46,12),
(598,'11-47',47,12),
(599,'11-48',48,12),
(600,'11-49',49,12),
(601,'12-0',0,13),
(602,'12-1',1,13),
(603,'12-2',2,13),
(604,'12-3',3,13),
(605,'12-4',4,13),
(606,'12-5',5,13),
(607,'12-6',6,13),
(608,'12-7',7,13),
(609,'12-8',8,13),
(610,'12-9',9,13),
(611,'12-10',10,13),
(612,'12-11',11,13),
(613,'12-12',12,13),
(614,'12-13',13,13),
(615,'12-14',14,13),
(616,'12-15',15,13),
(617,'12-16',16,13),
(618,'12-17',17,13),
(619,'12-18',18,13),
(620,'12-19',19,13),
(621,'12-20',20,13),
(622,'12-21',21,13),
(623,'12-22',22,13),
(624,'12-23',23,13),
(625,'12-24',24,13),
(626,'12-25',25,13),
(627,'12-26',26,13),
(628,'12-27',27,13),
(629,'12-28',28,13),
(630,'12-29',29,13),
(631,'12-30',30,13),
(632,'12-31',31,13),
(633,'12-32',32,13),
(634,'12-33',33,13),
(635,'12-34',34,13),
(636,'12-35',35,13),
(637,'12-36',36,13),
(638,'12-37',37,13),
(639,'12-38',38,13),
(640,'12-39',39,13),
(641,'12-40',40,13),
(642,'12-41',41,13),
(643,'12-42',42,13),
(644,'12-43',43,13),
(645,'12-44',44,13),
(646,'12-45',45,13),
(647,'12-46',46,13),
(648,'12-47',47,13),
(649,'12-48',48,13),
(650,'12-49',49,13),
(651,'13-0',0,14),
(652,'13-1',1,14),
(653,'13-2',2,14),
(654,'13-3',3,14),
(655,'13-4',4,14),
(656,'13-5',5,14),
(657,'13-6',6,14),
(658,'13-7',7,14),
(659,'13-8',8,14),
(660,'13-9',9,14),
(661,'13-10',10,14),
(662,'13-11',11,14),
(663,'13-12',12,14),
(664,'13-13',13,14),
(665,'13-14',14,14),
(666,'13-15',15,14),
(667,'13-16',16,14),
(668,'13-17',17,14),
(669,'13-18',18,14),
(670,'13-19',19,14),
(671,'13-20',20,14),
(672,'13-21',21,14),
(673,'13-22',22,14),
(674,'13-23',23,14),
(675,'13-24',24,14),
(676,'13-25',25,14),
(677,'13-26',26,14),
(678,'13-27',27,14),
(679,'13-28',28,14),
(680,'13-29',29,14),
(681,'13-30',30,14),
(682,'13-31',31,14),
(683,'13-32',32,14),
(684,'13-33',33,14),
(685,'13-34',34,14),
(686,'13-35',35,14),
(687,'13-36',36,14),
(688,'13-37',37,14),
(689,'13-38',38,14),
(690,'13-39',39,14),
(691,'13-40',40,14),
(692,'13-41',41,14),
(693,'13-42',42,14),
(694,'13-43',43,14),
(695,'13-44',44,14),
(696,'13-45',45,14),
(697,'13-46',46,14),
(698,'13-47',47,14),
(699,'13-48',48,14),
(700,'13-49',49,14),
(701,'14-0',0,15),
(702,'14-1',1,15),
(703,'14-2',2,15),
(704,'14-3',3,15),
(705,'14-4',4,15),
(706,'14-5',5,15),
(707,'14-6',6,15),
(708,'14-7',7,15),
(709,'14-8',8,15),
(710,'14-9',9,15),
(711,'14-10',10,15),
(712,'14-11',11,15),
(713,'14-12',12,15),
(714,'14-13',13,15),
(715,'14-14',14,15),
(716,'14-15',15,15),
(717,'14-16',16,15),
(718,'14-17',17,15),
(719,'14-18',18,15),
(720,'14-19',19,15),
(721,'14-20',20,15),
(722,'14-21',21,15),
(723,'14-22',22,15),
(724,'14-23',23,15),
(725,'14-24',24,15),
(726,'14-25',25,15),
(727,'14-26',26,15),
(728,'14-27',27,15),
(729,'14-28',28,15),
(730,'14-29',29,15),
(731,'14-30',30,15),
(732,'14-31',31,15),
(733,'14-32',32,15),
(734,'14-33',33,15),
(735,'14-34',34,15),
(736,'14-35',35,15),
(737,'14-36',36,15),
(738,'14-37',37,15),
(739,'14-38',38,15),
(740,'14-39',39,15),
(741,'14-40',40,15),
(742,'14-41',41,15),
(743,'14-42',42,15),
(744,'14-43',43,15),
(745,'14-44',44,15),
(746,'14-45',45,15),
(747,'14-46',46,15),
(748,'14-47',47,15),
(749,'14-48',48,15),
(750,'14-49',49,15),
(751,'15-0',0,16),
(752,'15-1',1,16),
(753,'15-2',2,16),
(754,'15-3',3,16),
(755,'15-4',4,16),
(756,'15-5',5,16),
(757,'15-6',6,16),
(758,'15-7',7,16),
(759,'15-8',8,16),
(760,'15-9',9,16),
(761,'15-10',10,16),
(762,'15-11',11,16),
(763,'15-12',12,16),
(764,'15-13',13,16),
(765,'15-14',14,16),
(766,'15-15',15,16),
(767,'15-16',16,16),
(768,'15-17',17,16),
(769,'15-18',18,16),
(770,'15-19',19,16),
(771,'15-20',20,16),
(772,'15-21',21,16),
(773,'15-22',22,16),
(774,'15-23',23,16),
(775,'15-24',24,16),
(776,'15-25',25,16),
(777,'15-26',26,16),
(778,'15-27',27,16),
(779,'15-28',28,16),
(780,'15-29',29,16),
(781,'15-30',30,16),
(782,'15-31',31,16),
(783,'15-32',32,16),
(784,'15-33',33,16),
(785,'15-34',34,16),
(786,'15-35',35,16),
(787,'15-36',36,16),
(788,'15-37',37,16),
(789,'15-38',38,16),
(790,'15-39',39,16),
(791,'15-40',40,16),
(792,'15-41',41,16),
(793,'15-42',42,16),
(794,'15-43',43,16),
(795,'15-44',44,16),
(796,'15-45',45,16),
(797,'15-46',46,16),
(798,'15-47',47,16),
(799,'15-48',48,16),
(800,'15-49',49,16),
(801,'GA-0',0,17),
(802,'GA-1',1,17),
(803,'GA-2',2,17),
(804,'GA-3',3,17),
(805,'GA-4',4,17),
(806,'GA-5',5,17),
(807,'GA-6',6,17),
(808,'GA-7',7,17),
(809,'GA-8',8,17),
(810,'GA-9',9,17),
(811,'GA-10',10,17),
(812,'GA-11',11,17),
(813,'GA-12',12,17),
(814,'GA-13',13,17),
(815,'GA-14',14,17),
(816,'GA-15',15,17),
(817,'GA-16',16,17),
(818,'GA-17',17,17),
(819,'GA-18',18,17),
(820,'GA-19',19,17),
(821,'GA-20',20,17),
(822,'GA-21',21,17),
(823,'GA-22',22,17),
(824,'GA-23',23,17),
(825,'GA-24',24,17),
(826,'GA-25',25,17),
(827,'GA-26',26,17),
(828,'GA-27',27,17),
(829,'GA-28',28,17),
(830,'GA-29',29,17),
(831,'GA-30',30,17),
(832,'GA-31',31,17),
(833,'GA-32',32,17),
(834,'GA-33',33,17),
(835,'GA-34',34,17),
(836,'GA-35',35,17),
(837,'GA-36',36,17),
(838,'GA-37',37,17),
(839,'GA-38',38,17),
(840,'GA-39',39,17),
(841,'GA-40',40,17),
(842,'GA-41',41,17),
(843,'GA-42',42,17),
(844,'GA-43',43,17),
(845,'GA-44',44,17),
(846,'GA-45',45,17),
(847,'GA-46',46,17),
(848,'GA-47',47,17),
(849,'GA-48',48,17),
(850,'GA-49',49,17),
(851,'GA-50',50,17),
(852,'GA-51',51,17),
(853,'GA-52',52,17),
(854,'GA-53',53,17),
(855,'GA-54',54,17),
(856,'GA-55',55,17),
(857,'GA-56',56,17),
(858,'GA-57',57,17),
(859,'GA-58',58,17),
(860,'GA-59',59,17),
(861,'1-0',0,18),
(862,'1-1',1,18),
(863,'1-2',2,18),
(864,'1-3',3,18),
(865,'1-4',4,18),
(866,'1-5',5,18),
(867,'1-6',6,18),
(868,'1-7',7,18),
(869,'1-8',8,18),
(870,'1-9',9,18),
(871,'1-10',10,18),
(872,'1-11',11,18),
(873,'1-12',12,18),
(874,'1-13',13,18),
(875,'1-14',14,18),
(876,'1-15',15,18),
(877,'1-16',16,18),
(878,'1-17',17,18),
(879,'1-18',18,18),
(880,'1-19',19,18),
(881,'1-20',20,18),
(882,'1-21',21,18),
(883,'1-22',22,18),
(884,'1-23',23,18),
(885,'1-24',24,18),
(886,'1-25',25,18),
(887,'1-26',26,18),
(888,'1-27',27,18),
(889,'1-28',28,18),
(890,'1-29',29,18),
(891,'1-30',30,18),
(892,'1-31',31,18),
(893,'1-32',32,18),
(894,'1-33',33,18),
(895,'1-34',34,18),
(896,'1-35',35,18),
(897,'1-36',36,18),
(898,'1-37',37,18),
(899,'1-38',38,18),
(900,'1-39',39,18),
(901,'1-40',40,18),
(902,'1-41',41,18),
(903,'1-42',42,18),
(904,'1-43',43,18),
(905,'1-44',44,18),
(906,'1-45',45,18),
(907,'1-46',46,18),
(908,'1-47',47,18),
(909,'1-48',48,18),
(910,'1-49',49,18),
(911,'1-50',50,18),
(912,'1-51',51,18),
(913,'1-52',52,18),
(914,'1-53',53,18),
(915,'1-54',54,18),
(916,'1-55',55,18),
(917,'1-56',56,18),
(918,'1-57',57,18),
(919,'1-58',58,18),
(920,'1-59',59,18),
(921,'2-0',0,19),
(922,'2-1',1,19),
(923,'2-2',2,19),
(924,'2-3',3,19),
(925,'2-4',4,19),
(926,'2-5',5,19),
(927,'2-6',6,19),
(928,'2-7',7,19),
(929,'2-8',8,19),
(930,'2-9',9,19),
(931,'2-10',10,19),
(932,'2-11',11,19),
(933,'2-12',12,19),
(934,'2-13',13,19),
(935,'2-14',14,19),
(936,'2-15',15,19),
(937,'2-16',16,19),
(938,'2-17',17,19),
(939,'2-18',18,19),
(940,'2-19',19,19),
(941,'2-20',20,19),
(942,'2-21',21,19),
(943,'2-22',22,19),
(944,'2-23',23,19),
(945,'2-24',24,19),
(946,'2-25',25,19),
(947,'2-26',26,19),
(948,'2-27',27,19),
(949,'2-28',28,19),
(950,'2-29',29,19),
(951,'2-30',30,19),
(952,'2-31',31,19),
(953,'2-32',32,19),
(954,'2-33',33,19),
(955,'2-34',34,19),
(956,'2-35',35,19),
(957,'2-36',36,19),
(958,'2-37',37,19),
(959,'2-38',38,19),
(960,'2-39',39,19),
(961,'2-40',40,19),
(962,'2-41',41,19),
(963,'2-42',42,19),
(964,'2-43',43,19),
(965,'2-44',44,19),
(966,'2-45',45,19),
(967,'2-46',46,19),
(968,'2-47',47,19),
(969,'2-48',48,19),
(970,'2-49',49,19),
(971,'2-50',50,19),
(972,'2-51',51,19),
(973,'2-52',52,19),
(974,'2-53',53,19),
(975,'2-54',54,19),
(976,'2-55',55,19),
(977,'2-56',56,19),
(978,'2-57',57,19),
(979,'2-58',58,19),
(980,'2-59',59,19),
(981,'3-0',0,20),
(982,'3-1',1,20),
(983,'3-2',2,20),
(984,'3-3',3,20),
(985,'3-4',4,20),
(986,'3-5',5,20),
(987,'3-6',6,20),
(988,'3-7',7,20),
(989,'3-8',8,20),
(990,'3-9',9,20),
(991,'3-10',10,20),
(992,'3-11',11,20),
(993,'3-12',12,20),
(994,'3-13',13,20),
(995,'3-14',14,20),
(996,'3-15',15,20),
(997,'3-16',16,20),
(998,'3-17',17,20),
(999,'3-18',18,20),
(1000,'3-19',19,20),
(1001,'3-20',20,20),
(1002,'3-21',21,20),
(1003,'3-22',22,20),
(1004,'3-23',23,20),
(1005,'3-24',24,20),
(1006,'3-25',25,20),
(1007,'3-26',26,20),
(1008,'3-27',27,20),
(1009,'3-28',28,20),
(1010,'3-29',29,20),
(1011,'3-30',30,20),
(1012,'3-31',31,20),
(1013,'3-32',32,20),
(1014,'3-33',33,20),
(1015,'3-34',34,20),
(1016,'3-35',35,20),
(1017,'3-36',36,20),
(1018,'3-37',37,20),
(1019,'3-38',38,20),
(1020,'3-39',39,20),
(1021,'3-40',40,20),
(1022,'3-41',41,20),
(1023,'3-42',42,20),
(1024,'3-43',43,20),
(1025,'3-44',44,20),
(1026,'3-45',45,20),
(1027,'3-46',46,20),
(1028,'3-47',47,20),
(1029,'3-48',48,20),
(1030,'3-49',49,20),
(1031,'3-50',50,20),
(1032,'3-51',51,20),
(1033,'3-52',52,20),
(1034,'3-53',53,20),
(1035,'3-54',54,20),
(1036,'3-55',55,20),
(1037,'3-56',56,20),
(1038,'3-57',57,20),
(1039,'3-58',58,20),
(1040,'3-59',59,20),
(1041,'4-0',0,21),
(1042,'4-1',1,21),
(1043,'4-2',2,21),
(1044,'4-3',3,21),
(1045,'4-4',4,21),
(1046,'4-5',5,21),
(1047,'4-6',6,21),
(1048,'4-7',7,21),
(1049,'4-8',8,21),
(1050,'4-9',9,21),
(1051,'4-10',10,21),
(1052,'4-11',11,21),
(1053,'4-12',12,21),
(1054,'4-13',13,21),
(1055,'4-14',14,21),
(1056,'4-15',15,21),
(1057,'4-16',16,21),
(1058,'4-17',17,21),
(1059,'4-18',18,21),
(1060,'4-19',19,21),
(1061,'4-20',20,21),
(1062,'4-21',21,21),
(1063,'4-22',22,21),
(1064,'4-23',23,21),
(1065,'4-24',24,21),
(1066,'4-25',25,21),
(1067,'4-26',26,21),
(1068,'4-27',27,21),
(1069,'4-28',28,21),
(1070,'4-29',29,21),
(1071,'4-30',30,21),
(1072,'4-31',31,21),
(1073,'4-32',32,21),
(1074,'4-33',33,21),
(1075,'4-34',34,21),
(1076,'4-35',35,21),
(1077,'4-36',36,21),
(1078,'4-37',37,21),
(1079,'4-38',38,21),
(1080,'4-39',39,21),
(1081,'4-40',40,21),
(1082,'4-41',41,21),
(1083,'4-42',42,21),
(1084,'4-43',43,21),
(1085,'4-44',44,21),
(1086,'4-45',45,21),
(1087,'4-46',46,21),
(1088,'4-47',47,21),
(1089,'4-48',48,21),
(1090,'4-49',49,21),
(1091,'4-50',50,21),
(1092,'4-51',51,21),
(1093,'4-52',52,21),
(1094,'4-53',53,21),
(1095,'4-54',54,21),
(1096,'4-55',55,21),
(1097,'4-56',56,21),
(1098,'4-57',57,21),
(1099,'4-58',58,21),
(1100,'4-59',59,21),
(1101,'5-0',0,22),
(1102,'5-1',1,22),
(1103,'5-2',2,22),
(1104,'5-3',3,22),
(1105,'5-4',4,22),
(1106,'5-5',5,22),
(1107,'5-6',6,22),
(1108,'5-7',7,22),
(1109,'5-8',8,22),
(1110,'5-9',9,22),
(1111,'5-10',10,22),
(1112,'5-11',11,22),
(1113,'5-12',12,22),
(1114,'5-13',13,22),
(1115,'5-14',14,22),
(1116,'5-15',15,22),
(1117,'5-16',16,22),
(1118,'5-17',17,22),
(1119,'5-18',18,22),
(1120,'5-19',19,22),
(1121,'5-20',20,22),
(1122,'5-21',21,22),
(1123,'5-22',22,22),
(1124,'5-23',23,22),
(1125,'5-24',24,22),
(1126,'5-25',25,22),
(1127,'5-26',26,22),
(1128,'5-27',27,22),
(1129,'5-28',28,22),
(1130,'5-29',29,22),
(1131,'5-30',30,22),
(1132,'5-31',31,22),
(1133,'5-32',32,22),
(1134,'5-33',33,22),
(1135,'5-34',34,22),
(1136,'5-35',35,22),
(1137,'5-36',36,22),
(1138,'5-37',37,22),
(1139,'5-38',38,22),
(1140,'5-39',39,22),
(1141,'5-40',40,22),
(1142,'5-41',41,22),
(1143,'5-42',42,22),
(1144,'5-43',43,22),
(1145,'5-44',44,22),
(1146,'5-45',45,22),
(1147,'5-46',46,22),
(1148,'5-47',47,22),
(1149,'5-48',48,22),
(1150,'5-49',49,22),
(1151,'5-50',50,22),
(1152,'5-51',51,22),
(1153,'5-52',52,22),
(1154,'5-53',53,22),
(1155,'5-54',54,22),
(1156,'5-55',55,22),
(1157,'5-56',56,22),
(1158,'5-57',57,22),
(1159,'5-58',58,22),
(1160,'5-59',59,22),
(1161,'6-0',0,23),
(1162,'6-1',1,23),
(1163,'6-2',2,23),
(1164,'6-3',3,23),
(1165,'6-4',4,23),
(1166,'6-5',5,23),
(1167,'6-6',6,23),
(1168,'6-7',7,23),
(1169,'6-8',8,23),
(1170,'6-9',9,23),
(1171,'6-10',10,23),
(1172,'6-11',11,23),
(1173,'6-12',12,23),
(1174,'6-13',13,23),
(1175,'6-14',14,23),
(1176,'6-15',15,23),
(1177,'6-16',16,23),
(1178,'6-17',17,23),
(1179,'6-18',18,23),
(1180,'6-19',19,23),
(1181,'6-20',20,23),
(1182,'6-21',21,23),
(1183,'6-22',22,23),
(1184,'6-23',23,23),
(1185,'6-24',24,23),
(1186,'6-25',25,23),
(1187,'6-26',26,23),
(1188,'6-27',27,23),
(1189,'6-28',28,23),
(1190,'6-29',29,23),
(1191,'6-30',30,23),
(1192,'6-31',31,23),
(1193,'6-32',32,23),
(1194,'6-33',33,23),
(1195,'6-34',34,23),
(1196,'6-35',35,23),
(1197,'6-36',36,23),
(1198,'6-37',37,23),
(1199,'6-38',38,23),
(1200,'6-39',39,23),
(1201,'6-40',40,23),
(1202,'6-41',41,23),
(1203,'6-42',42,23),
(1204,'6-43',43,23),
(1205,'6-44',44,23),
(1206,'6-45',45,23),
(1207,'6-46',46,23),
(1208,'6-47',47,23),
(1209,'6-48',48,23),
(1210,'6-49',49,23),
(1211,'6-50',50,23),
(1212,'6-51',51,23),
(1213,'6-52',52,23),
(1214,'6-53',53,23),
(1215,'6-54',54,23),
(1216,'6-55',55,23),
(1217,'6-56',56,23),
(1218,'6-57',57,23),
(1219,'6-58',58,23),
(1220,'6-59',59,23),
(1221,'7-0',0,24),
(1222,'7-1',1,24),
(1223,'7-2',2,24),
(1224,'7-3',3,24),
(1225,'7-4',4,24),
(1226,'7-5',5,24),
(1227,'7-6',6,24),
(1228,'7-7',7,24),
(1229,'7-8',8,24),
(1230,'7-9',9,24),
(1231,'7-10',10,24),
(1232,'7-11',11,24),
(1233,'7-12',12,24),
(1234,'7-13',13,24),
(1235,'7-14',14,24),
(1236,'7-15',15,24),
(1237,'7-16',16,24),
(1238,'7-17',17,24),
(1239,'7-18',18,24),
(1240,'7-19',19,24),
(1241,'7-20',20,24),
(1242,'7-21',21,24),
(1243,'7-22',22,24),
(1244,'7-23',23,24),
(1245,'7-24',24,24),
(1246,'7-25',25,24),
(1247,'7-26',26,24),
(1248,'7-27',27,24),
(1249,'7-28',28,24),
(1250,'7-29',29,24),
(1251,'7-30',30,24),
(1252,'7-31',31,24),
(1253,'7-32',32,24),
(1254,'7-33',33,24),
(1255,'7-34',34,24),
(1256,'7-35',35,24),
(1257,'7-36',36,24),
(1258,'7-37',37,24),
(1259,'7-38',38,24),
(1260,'7-39',39,24),
(1261,'7-40',40,24),
(1262,'7-41',41,24),
(1263,'7-42',42,24),
(1264,'7-43',43,24),
(1265,'7-44',44,24),
(1266,'7-45',45,24),
(1267,'7-46',46,24),
(1268,'7-47',47,24),
(1269,'7-48',48,24),
(1270,'7-49',49,24),
(1271,'7-50',50,24),
(1272,'7-51',51,24),
(1273,'7-52',52,24),
(1274,'7-53',53,24),
(1275,'7-54',54,24),
(1276,'7-55',55,24),
(1277,'7-56',56,24),
(1278,'7-57',57,24),
(1279,'7-58',58,24),
(1280,'7-59',59,24),
(1281,'8-0',0,25),
(1282,'8-1',1,25),
(1283,'8-2',2,25),
(1284,'8-3',3,25),
(1285,'8-4',4,25),
(1286,'8-5',5,25),
(1287,'8-6',6,25),
(1288,'8-7',7,25),
(1289,'8-8',8,25),
(1290,'8-9',9,25),
(1291,'8-10',10,25),
(1292,'8-11',11,25),
(1293,'8-12',12,25),
(1294,'8-13',13,25),
(1295,'8-14',14,25),
(1296,'8-15',15,25),
(1297,'8-16',16,25),
(1298,'8-17',17,25),
(1299,'8-18',18,25),
(1300,'8-19',19,25),
(1301,'8-20',20,25),
(1302,'8-21',21,25),
(1303,'8-22',22,25),
(1304,'8-23',23,25),
(1305,'8-24',24,25),
(1306,'8-25',25,25),
(1307,'8-26',26,25),
(1308,'8-27',27,25),
(1309,'8-28',28,25),
(1310,'8-29',29,25),
(1311,'8-30',30,25),
(1312,'8-31',31,25),
(1313,'8-32',32,25),
(1314,'8-33',33,25),
(1315,'8-34',34,25),
(1316,'8-35',35,25),
(1317,'8-36',36,25),
(1318,'8-37',37,25),
(1319,'8-38',38,25),
(1320,'8-39',39,25),
(1321,'8-40',40,25),
(1322,'8-41',41,25),
(1323,'8-42',42,25),
(1324,'8-43',43,25),
(1325,'8-44',44,25),
(1326,'8-45',45,25),
(1327,'8-46',46,25),
(1328,'8-47',47,25),
(1329,'8-48',48,25),
(1330,'8-49',49,25),
(1331,'8-50',50,25),
(1332,'8-51',51,25),
(1333,'8-52',52,25),
(1334,'8-53',53,25),
(1335,'8-54',54,25),
(1336,'8-55',55,25),
(1337,'8-56',56,25),
(1338,'8-57',57,25),
(1339,'8-58',58,25),
(1340,'8-59',59,25),
(1341,'9-0',0,26),
(1342,'9-1',1,26),
(1343,'9-2',2,26),
(1344,'9-3',3,26),
(1345,'9-4',4,26),
(1346,'9-5',5,26),
(1347,'9-6',6,26),
(1348,'9-7',7,26),
(1349,'9-8',8,26),
(1350,'9-9',9,26),
(1351,'9-10',10,26),
(1352,'9-11',11,26),
(1353,'9-12',12,26),
(1354,'9-13',13,26),
(1355,'9-14',14,26),
(1356,'9-15',15,26),
(1357,'9-16',16,26),
(1358,'9-17',17,26),
(1359,'9-18',18,26),
(1360,'9-19',19,26),
(1361,'9-20',20,26),
(1362,'9-21',21,26),
(1363,'9-22',22,26),
(1364,'9-23',23,26),
(1365,'9-24',24,26),
(1366,'9-25',25,26),
(1367,'9-26',26,26),
(1368,'9-27',27,26),
(1369,'9-28',28,26),
(1370,'9-29',29,26),
(1371,'9-30',30,26),
(1372,'9-31',31,26),
(1373,'9-32',32,26),
(1374,'9-33',33,26),
(1375,'9-34',34,26),
(1376,'9-35',35,26),
(1377,'9-36',36,26),
(1378,'9-37',37,26),
(1379,'9-38',38,26),
(1380,'9-39',39,26),
(1381,'9-40',40,26),
(1382,'9-41',41,26),
(1383,'9-42',42,26),
(1384,'9-43',43,26),
(1385,'9-44',44,26),
(1386,'9-45',45,26),
(1387,'9-46',46,26),
(1388,'9-47',47,26),
(1389,'9-48',48,26),
(1390,'9-49',49,26),
(1391,'9-50',50,26),
(1392,'9-51',51,26),
(1393,'9-52',52,26),
(1394,'9-53',53,26),
(1395,'9-54',54,26),
(1396,'9-55',55,26),
(1397,'9-56',56,26),
(1398,'9-57',57,26),
(1399,'9-58',58,26),
(1400,'9-59',59,26),
(1401,'10-0',0,27),
(1402,'10-1',1,27),
(1403,'10-2',2,27),
(1404,'10-3',3,27),
(1405,'10-4',4,27),
(1406,'10-5',5,27),
(1407,'10-6',6,27),
(1408,'10-7',7,27),
(1409,'10-8',8,27),
(1410,'10-9',9,27),
(1411,'10-10',10,27),
(1412,'10-11',11,27),
(1413,'10-12',12,27),
(1414,'10-13',13,27),
(1415,'10-14',14,27),
(1416,'10-15',15,27),
(1417,'10-16',16,27),
(1418,'10-17',17,27),
(1419,'10-18',18,27),
(1420,'10-19',19,27),
(1421,'10-20',20,27),
(1422,'10-21',21,27),
(1423,'10-22',22,27),
(1424,'10-23',23,27),
(1425,'10-24',24,27),
(1426,'10-25',25,27),
(1427,'10-26',26,27),
(1428,'10-27',27,27),
(1429,'10-28',28,27),
(1430,'10-29',29,27),
(1431,'10-30',30,27),
(1432,'10-31',31,27),
(1433,'10-32',32,27),
(1434,'10-33',33,27),
(1435,'10-34',34,27),
(1436,'10-35',35,27),
(1437,'10-36',36,27),
(1438,'10-37',37,27),
(1439,'10-38',38,27),
(1440,'10-39',39,27),
(1441,'10-40',40,27),
(1442,'10-41',41,27),
(1443,'10-42',42,27),
(1444,'10-43',43,27),
(1445,'10-44',44,27),
(1446,'10-45',45,27),
(1447,'10-46',46,27),
(1448,'10-47',47,27),
(1449,'10-48',48,27),
(1450,'10-49',49,27),
(1451,'10-50',50,27),
(1452,'10-51',51,27),
(1453,'10-52',52,27),
(1454,'10-53',53,27),
(1455,'10-54',54,27),
(1456,'10-55',55,27),
(1457,'10-56',56,27),
(1458,'10-57',57,27),
(1459,'10-58',58,27),
(1460,'10-59',59,27),
(1461,'11-0',0,28),
(1462,'11-1',1,28),
(1463,'11-2',2,28),
(1464,'11-3',3,28),
(1465,'11-4',4,28),
(1466,'11-5',5,28),
(1467,'11-6',6,28),
(1468,'11-7',7,28),
(1469,'11-8',8,28),
(1470,'11-9',9,28),
(1471,'11-10',10,28),
(1472,'11-11',11,28),
(1473,'11-12',12,28),
(1474,'11-13',13,28),
(1475,'11-14',14,28),
(1476,'11-15',15,28),
(1477,'11-16',16,28),
(1478,'11-17',17,28),
(1479,'11-18',18,28),
(1480,'11-19',19,28),
(1481,'11-20',20,28),
(1482,'11-21',21,28),
(1483,'11-22',22,28),
(1484,'11-23',23,28),
(1485,'11-24',24,28),
(1486,'11-25',25,28),
(1487,'11-26',26,28),
(1488,'11-27',27,28),
(1489,'11-28',28,28),
(1490,'11-29',29,28),
(1491,'11-30',30,28),
(1492,'11-31',31,28),
(1493,'11-32',32,28),
(1494,'11-33',33,28),
(1495,'11-34',34,28),
(1496,'11-35',35,28),
(1497,'11-36',36,28),
(1498,'11-37',37,28),
(1499,'11-38',38,28),
(1500,'11-39',39,28),
(1501,'11-40',40,28),
(1502,'11-41',41,28),
(1503,'11-42',42,28),
(1504,'11-43',43,28),
(1505,'11-44',44,28),
(1506,'11-45',45,28),
(1507,'11-46',46,28),
(1508,'11-47',47,28),
(1509,'11-48',48,28),
(1510,'11-49',49,28),
(1511,'11-50',50,28),
(1512,'11-51',51,28),
(1513,'11-52',52,28),
(1514,'11-53',53,28),
(1515,'11-54',54,28),
(1516,'11-55',55,28),
(1517,'11-56',56,28),
(1518,'11-57',57,28),
(1519,'11-58',58,28),
(1520,'11-59',59,28),
(1521,'12-0',0,29),
(1522,'12-1',1,29),
(1523,'12-2',2,29),
(1524,'12-3',3,29),
(1525,'12-4',4,29),
(1526,'12-5',5,29),
(1527,'12-6',6,29),
(1528,'12-7',7,29),
(1529,'12-8',8,29),
(1530,'12-9',9,29),
(1531,'12-10',10,29),
(1532,'12-11',11,29),
(1533,'12-12',12,29),
(1534,'12-13',13,29),
(1535,'12-14',14,29),
(1536,'12-15',15,29),
(1537,'12-16',16,29),
(1538,'12-17',17,29),
(1539,'12-18',18,29),
(1540,'12-19',19,29),
(1541,'12-20',20,29),
(1542,'12-21',21,29),
(1543,'12-22',22,29),
(1544,'12-23',23,29),
(1545,'12-24',24,29),
(1546,'12-25',25,29),
(1547,'12-26',26,29),
(1548,'12-27',27,29),
(1549,'12-28',28,29),
(1550,'12-29',29,29),
(1551,'12-30',30,29),
(1552,'12-31',31,29),
(1553,'12-32',32,29),
(1554,'12-33',33,29),
(1555,'12-34',34,29),
(1556,'12-35',35,29),
(1557,'12-36',36,29),
(1558,'12-37',37,29),
(1559,'12-38',38,29),
(1560,'12-39',39,29),
(1561,'12-40',40,29),
(1562,'12-41',41,29),
(1563,'12-42',42,29),
(1564,'12-43',43,29),
(1565,'12-44',44,29),
(1566,'12-45',45,29),
(1567,'12-46',46,29),
(1568,'12-47',47,29),
(1569,'12-48',48,29),
(1570,'12-49',49,29),
(1571,'12-50',50,29),
(1572,'12-51',51,29),
(1573,'12-52',52,29),
(1574,'12-53',53,29),
(1575,'12-54',54,29),
(1576,'12-55',55,29),
(1577,'12-56',56,29),
(1578,'12-57',57,29),
(1579,'12-58',58,29),
(1580,'12-59',59,29),
(1581,'13-0',0,30),
(1582,'13-1',1,30),
(1583,'13-2',2,30),
(1584,'13-3',3,30),
(1585,'13-4',4,30),
(1586,'13-5',5,30),
(1587,'13-6',6,30),
(1588,'13-7',7,30),
(1589,'13-8',8,30),
(1590,'13-9',9,30),
(1591,'13-10',10,30),
(1592,'13-11',11,30),
(1593,'13-12',12,30),
(1594,'13-13',13,30),
(1595,'13-14',14,30),
(1596,'13-15',15,30),
(1597,'13-16',16,30),
(1598,'13-17',17,30),
(1599,'13-18',18,30),
(1600,'13-19',19,30),
(1601,'13-20',20,30),
(1602,'13-21',21,30),
(1603,'13-22',22,30),
(1604,'13-23',23,30),
(1605,'13-24',24,30),
(1606,'13-25',25,30),
(1607,'13-26',26,30),
(1608,'13-27',27,30),
(1609,'13-28',28,30),
(1610,'13-29',29,30),
(1611,'13-30',30,30),
(1612,'13-31',31,30),
(1613,'13-32',32,30),
(1614,'13-33',33,30),
(1615,'13-34',34,30),
(1616,'13-35',35,30),
(1617,'13-36',36,30),
(1618,'13-37',37,30),
(1619,'13-38',38,30),
(1620,'13-39',39,30),
(1621,'13-40',40,30),
(1622,'13-41',41,30),
(1623,'13-42',42,30),
(1624,'13-43',43,30),
(1625,'13-44',44,30),
(1626,'13-45',45,30),
(1627,'13-46',46,30),
(1628,'13-47',47,30),
(1629,'13-48',48,30),
(1630,'13-49',49,30),
(1631,'13-50',50,30),
(1632,'13-51',51,30),
(1633,'13-52',52,30),
(1634,'13-53',53,30),
(1635,'13-54',54,30),
(1636,'13-55',55,30),
(1637,'13-56',56,30),
(1638,'13-57',57,30),
(1639,'13-58',58,30),
(1640,'13-59',59,30),
(1641,'14-0',0,31),
(1642,'14-1',1,31),
(1643,'14-2',2,31),
(1644,'14-3',3,31),
(1645,'14-4',4,31),
(1646,'14-5',5,31),
(1647,'14-6',6,31),
(1648,'14-7',7,31),
(1649,'14-8',8,31),
(1650,'14-9',9,31),
(1651,'14-10',10,31),
(1652,'14-11',11,31),
(1653,'14-12',12,31),
(1654,'14-13',13,31),
(1655,'14-14',14,31),
(1656,'14-15',15,31),
(1657,'14-16',16,31),
(1658,'14-17',17,31),
(1659,'14-18',18,31),
(1660,'14-19',19,31),
(1661,'14-20',20,31),
(1662,'14-21',21,31),
(1663,'14-22',22,31),
(1664,'14-23',23,31),
(1665,'14-24',24,31),
(1666,'14-25',25,31),
(1667,'14-26',26,31),
(1668,'14-27',27,31),
(1669,'14-28',28,31),
(1670,'14-29',29,31),
(1671,'14-30',30,31),
(1672,'14-31',31,31),
(1673,'14-32',32,31),
(1674,'14-33',33,31),
(1675,'14-34',34,31),
(1676,'14-35',35,31),
(1677,'14-36',36,31),
(1678,'14-37',37,31),
(1679,'14-38',38,31),
(1680,'14-39',39,31),
(1681,'14-40',40,31),
(1682,'14-41',41,31),
(1683,'14-42',42,31),
(1684,'14-43',43,31),
(1685,'14-44',44,31),
(1686,'14-45',45,31),
(1687,'14-46',46,31),
(1688,'14-47',47,31),
(1689,'14-48',48,31),
(1690,'14-49',49,31),
(1691,'14-50',50,31),
(1692,'14-51',51,31),
(1693,'14-52',52,31),
(1694,'14-53',53,31),
(1695,'14-54',54,31),
(1696,'14-55',55,31),
(1697,'14-56',56,31),
(1698,'14-57',57,31),
(1699,'14-58',58,31),
(1700,'14-59',59,31),
(1701,'15-0',0,32),
(1702,'15-1',1,32),
(1703,'15-2',2,32),
(1704,'15-3',3,32),
(1705,'15-4',4,32),
(1706,'15-5',5,32),
(1707,'15-6',6,32),
(1708,'15-7',7,32),
(1709,'15-8',8,32),
(1710,'15-9',9,32),
(1711,'15-10',10,32),
(1712,'15-11',11,32),
(1713,'15-12',12,32),
(1714,'15-13',13,32),
(1715,'15-14',14,32),
(1716,'15-15',15,32),
(1717,'15-16',16,32),
(1718,'15-17',17,32),
(1719,'15-18',18,32),
(1720,'15-19',19,32),
(1721,'15-20',20,32),
(1722,'15-21',21,32),
(1723,'15-22',22,32),
(1724,'15-23',23,32),
(1725,'15-24',24,32),
(1726,'15-25',25,32),
(1727,'15-26',26,32),
(1728,'15-27',27,32),
(1729,'15-28',28,32),
(1730,'15-29',29,32),
(1731,'15-30',30,32),
(1732,'15-31',31,32),
(1733,'15-32',32,32),
(1734,'15-33',33,32),
(1735,'15-34',34,32),
(1736,'15-35',35,32),
(1737,'15-36',36,32),
(1738,'15-37',37,32),
(1739,'15-38',38,32),
(1740,'15-39',39,32),
(1741,'15-40',40,32),
(1742,'15-41',41,32),
(1743,'15-42',42,32),
(1744,'15-43',43,32),
(1745,'15-44',44,32),
(1746,'15-45',45,32),
(1747,'15-46',46,32),
(1748,'15-47',47,32),
(1749,'15-48',48,32),
(1750,'15-49',49,32),
(1751,'15-50',50,32),
(1752,'15-51',51,32),
(1753,'15-52',52,32),
(1754,'15-53',53,32),
(1755,'15-54',54,32),
(1756,'15-55',55,32),
(1757,'15-56',56,32),
(1758,'15-57',57,32),
(1759,'15-58',58,32),
(1760,'15-59',59,32);